<?xml version="1.0" encoding="UTF-8"?>
<project-private xmlns="http://www.netbeans.org/ns/project-private/1">
    <editor-bookmarks xmlns="http://www.netbeans.org/ns/editor-bookmarks/2" lastBookmarkId="0"/>
    <open-files xmlns="http://www.netbeans.org/ns/projectui-open-files/2">
        <group>
            <file>file:/D:/FPT/PRJ/PRJ301/Workshop_1/src/java/dao/ProjectDAO.java</file>
            <file>file:/D:/FPT/PRJ/PRJ301/Workshop_1/web/Management.jsp</file>
            <file>file:/D:/FPT/PRJ/PRJ301/Workshop_1/src/java/dao/UserDAO.java</file>
            <file>file:/D:/FPT/PRJ/PRJ301/Workshop_1/src/java/dto/ProjectDTO.java</file>
            <file>file:/D:/FPT/PRJ/PRJ301/Workshop_1/src/java/Controller/MainController.java</file>
            <file>file:/D:/FPT/PRJ/PRJ301/Workshop_1/web/assets/js/main.js</file>
            <file>file:/D:/FPT/PRJ/PRJ301/Workshop_1/web/login.jsp</file>
            <file>file:/D:/FPT/PRJ/PRJ301/Workshop_1/web/assets/css/management.css</file>
        </group>
    </open-files>
</project-private>
