<?xml version="1.0" encoding="UTF-8"?>
<project-private xmlns="http://www.netbeans.org/ns/project-private/1">
    <editor-bookmarks xmlns="http://www.netbeans.org/ns/editor-bookmarks/2" lastBookmarkId="0"/>
    <open-files xmlns="http://www.netbeans.org/ns/projectui-open-files/2">
        <group>
            <file>file:/C:/PRJ301/1/Given/PE_PRJ301/src/java/pe/utils/DBUtils.java</file>
            <file>file:/C:/PRJ301/1/Given/PE_PRJ301/web/login.jsp</file>
            <file>file:/C:/PRJ301/1/Given/PE_PRJ301/web/create.jsp</file>
            <file>file:/C:/PRJ301/1/Given/PE_PRJ301/src/java/pe/controllers/MainController.java</file>
            <file>file:/C:/PRJ301/1/Given/PE_PRJ301/src/java/pe/appointment/AppointmentDTO.java</file>
            <file>file:/C:/PRJ301/1/Given/PE_PRJ301/web/WEB-INF/web.xml</file>
            <file>file:/C:/PRJ301/1/Given/PE_PRJ301/src/java/pe/appointment/AppointmentDAO.java</file>
            <file>file:/C:/PRJ301/1/Given/PE_PRJ301/src/java/pe/account/AccountDAO.java</file>
            <file>file:/C:/PRJ301/1/Given/PE_PRJ301/web/error.jsp</file>
        </group>
    </open-files>
</project-private>
